time_s,similarity
0.0,0.18960413336753845
0.25,0.06747432798147202
0.5,0.03402881324291229
0.75,0.029905449599027634
1.0,0.027870409190654755
1.25,0.11122098565101624
1.5,0.10306410491466522
1.75,0.028185801580548286
2.0,0.023401783779263496
2.25,0.0903833732008934
2.5,0.0671989843249321
2.75,0.060019683092832565
3.0,0.06991934776306152
3.25,0.03646502271294594
3.5,0.05768279731273651
3.75,0.03269713744521141
4.0,-0.007838275283575058
4.25,0.013532007113099098
4.5,0.08075663447380066
4.75,0.11589585989713669
5.0,0.09652955085039139
5.25,0.033389367163181305
5.5,0.0036120510194450617
5.75,0.051157351583242416
6.0,0.15114116668701172
6.25,0.06850362569093704
6.5,-0.01869301125407219
6.75,0.04922100529074669
7.0,0.0772908478975296
7.25,0.1448056697845459
7.5,0.12473654747009277
7.75,0.0484616756439209
8.0,0.03516928851604462
8.25,0.060620132833719254
8.5,0.023059528321027756
8.75,0.03547694906592369
9.0,0.09155815094709396
9.25,0.05682393163442612
9.5,0.09767265617847443
9.75,0.0946703627705574
10.0,0.08820391446352005
10.25,0.10651473701000214
10.5,0.12086229026317596
10.75,0.1896308958530426
11.0,0.07925751805305481
11.25,0.08353180438280106
11.5,0.10908513516187668
11.75,0.2568308115005493
12.0,1.0
12.25,0.2574109733104706
12.5,0.11317786574363708
12.75,0.07717511057853699
13.0,0.06887387484312057
13.25,0.18250194191932678
13.5,0.11315789073705673
13.75,0.08506519347429276
14.0,0.05608539283275604
14.25,0.05486426129937172
14.5,0.04962852969765663
14.75,0.03462114930152893
15.0,0.07470167428255081
15.25,0.010131415911018848
15.5,-0.0002879337698686868
15.75,0.02031482383608818
16.0,0.0057005612179636955
16.25,0.03878408670425415
16.5,0.12942582368850708
16.75,0.18629342317581177
17.0,0.08571881800889969
17.25,0.04971180856227875
17.5,-0.02328045479953289
17.75,0.08224370330572128
18.0,0.19351468980312347
18.25,0.05752359703183174
18.5,0.00764386635273695
18.75,0.0009573173010721803
19.0,0.07866943627595901
19.25,0.09370414912700653
19.5,0.06947674602270126
19.75,0.020586982369422913
20.0,-0.019889356568455696
20.25,0.006582310423254967
20.5,0.015828458592295647
20.75,0.012792190536856651
21.0,0.033163681626319885
21.25,0.006685458589345217
21.5,0.01843499392271042
21.75,0.04213922843337059
22.0,0.04746458679437637
22.25,0.05772576481103897
22.5,0.12043540924787521
22.75,0.1313757449388504
23.0,0.020909743383526802
23.25,0.023852847516536713
23.5,0.022830171510577202
23.75,0.10281569510698318
24.0,0.22432999312877655
24.25,0.10188496857881546
24.5,0.0376194529235363
24.75,0.05503809079527855
25.0,0.05018176883459091
25.25,0.07256898283958435
25.5,0.07633770257234573
25.75,-0.04224802553653717
26.0,-0.001495063304901123
26.25,0.0533321388065815
26.5,0.06201310083270073
26.75,0.06876296550035477
27.0,-0.0035541525576263666
27.25,0.017769841477274895
27.5,0.005269481334835291
27.75,0.061304736882448196
28.0,0.061018284410238266
28.25,0.04054689779877663
28.5,0.14643822610378265
28.75,0.21231894195079803
29.0,0.09748519212007523
29.25,0.07803145051002502
29.5,0.03880630433559418
29.75,0.08371797204017639
30.0,0.187748521566391
30.25,0.04091035574674606
30.5,0.01369278784841299
30.75,0.018317436799407005
31.0,0.08914743363857269
31.25,0.1425238698720932
31.5,0.06337050348520279
31.75,0.005228773225098848
32.0,-0.020923271775245667
32.25,0.03691406920552254
32.5,0.019075743854045868
32.75,0.005748385563492775
33.0,-0.009718122892081738
33.25,0.012450502254068851
33.5,0.04763510450720787
33.75,0.040454503148794174
34.0,-0.011346152052283287
34.25,0.0013237514067441225
34.5,0.04758968576788902
34.75,0.04160317778587341
35.0,-0.025201117619872093
35.25,-0.0038653069641441107
35.5,-0.0005443387199193239
35.75,0.06503687798976898
36.0,0.1738227754831314
36.25,0.0822598934173584
36.5,0.02104318141937256
36.75,0.02550710365176201
37.0,0.06773963570594788
37.25,0.1428278088569641
37.5,0.1222650557756424
37.75,0.05518369376659393
38.0,0.07746103405952454
38.25,0.0638510212302208
38.5,0.049688730388879776
38.75,0.07726490497589111
39.0,0.09875399619340897
39.25,0.08082851767539978
39.5,0.0532926581799984
39.75,0.02052658423781395
40.0,0.001053627929650247
40.25,0.038133371621370316
40.5,0.14990775287151337
40.75,0.38241156935691833
41.0,0.13807202875614166
41.25,0.05855928733944893
41.5,-0.013297546654939651
41.75,0.017291532829403877
42.0,0.18834811449050903
42.25,0.05971059948205948
42.5,0.04128222167491913
42.75,0.04912153258919716
43.0,0.02716304548084736
43.25,0.09502668678760529
43.5,0.03752180561423302
43.75,0.06087735667824745
44.0,0.014717324636876583
44.25,-0.007712838239967823
44.5,0.011920010671019554
44.75,0.016362173482775688
45.0,0.008077907375991344
45.25,0.044389788061380386
45.5,0.004875773563981056
45.75,-0.011679466813802719
46.0,-0.0434311106801033
46.25,-0.08879726380109787
46.5,0.009059220552444458
46.75,0.024363864213228226
47.0,-0.02306990697979927
47.25,0.009900316596031189
47.5,-0.02464919723570347
47.75,0.040852103382349014
48.0,0.17058773338794708
48.25,0.08716560155153275
48.5,0.013609230518341064
48.75,-0.01060283463448286
49.0,0.02192607708275318
49.25,0.07294905185699463
49.5,0.10085511207580566
49.75,0.048311471939086914
50.0,0.017017649486660957
50.25,-0.0038582696579396725
50.5,-0.009193292818963528
50.75,0.003005037549883127
51.0,0.027531104162335396
51.25,0.036379508674144745
51.5,-0.010629273019731045
51.75,-0.027515893802046776
52.0,-0.019964249804615974
52.25,-0.039709869772195816
52.5,0.06315179169178009
52.75,0.043158531188964844
53.0,0.016457704827189445
53.25,0.037135280668735504
53.5,0.019332384690642357
53.75,0.035743001848459244
54.0,0.08380747586488724
54.25,0.03281264752149582
54.5,0.001875947811640799
54.75,0.001618994865566492
55.0,0.03127860650420189
55.25,0.06262589246034622
55.5,0.06661654263734818
55.75,0.0740026980638504
56.0,-0.023167287930846214
56.25,0.030996667221188545
56.5,0.031154196709394455
56.75,0.045412395149469376
57.0,0.08406132459640503
57.25,0.029289312660694122
57.5,0.020596006885170937
57.75,0.010723164305090904
58.0,0.007453579921275377
58.25,-0.010531439445912838
58.5,0.07843466103076935
58.75,0.09494660049676895
59.0,-0.018994642421603203
59.25,0.0019646009895950556
59.5,-0.02113444358110428
59.75,0.08813069015741348
60.0,0.1653754860162735
60.25,0.02537827380001545
60.5,0.0001434074220014736
60.75,-0.010627157054841518
61.0,0.027239937335252762
61.25,0.06663918495178223
61.5,0.055838800966739655
61.75,0.024938469752669334
62.0,0.02271927148103714
62.25,0.028499923646450043
62.5,0.007342700380831957
62.75,0.04440554603934288
63.0,0.042146023362874985
63.25,0.024379171431064606
63.5,-0.024061596021056175
63.75,-0.06394971162080765
64.0,-0.01391667127609253
64.25,0.020729443058371544
64.5,0.07801605761051178
64.75,0.08373995125293732
65.0,0.006092828698456287
65.25,0.002650249982252717
65.5,-0.032965585589408875
65.75,-0.008373335935175419
66.0,0.10303699225187302
66.25,0.0300168227404356
66.5,-0.002089671092107892
66.75,0.04642830044031143
67.0,0.033661674708127975
67.25,0.12527424097061157
67.5,0.09420102089643478
67.75,0.032120123505592346
68.0,0.01900811679661274
68.25,0.02527586743235588
68.5,0.06484019756317139
68.75,0.03555819392204285
69.0,0.0914078876376152
69.25,0.08803842216730118
69.5,0.26272818446159363
69.75,0.23013563454151154
70.0,0.07745473831892014
70.25,0.043287962675094604
70.5,0.06814522296190262
70.75,0.10083787888288498
71.0,0.006613909732550383
71.25,0.019257964566349983
71.5,0.039887361228466034
71.75,0.02922791801393032
72.0,0.12062926590442657
72.25,-0.03573241084814072
72.5,0.009183741174638271
72.75,-0.015080485492944717
73.0,-0.007473143748939037
73.25,0.09310618042945862
73.5,0.04047602415084839
73.75,-0.02456517703831196
74.0,0.009652961976826191
74.25,0.05847689136862755
74.5,0.030611205846071243
74.75,0.03232523426413536
75.0,0.003987649455666542
75.25,-0.04109569638967514
75.5,-0.003736921353265643
75.75,0.015382656827569008
76.0,-0.028887320309877396
76.25,-0.04335630312561989
76.5,-0.0009916045237332582
76.75,0.015174693427979946
77.0,-0.042887721210718155
77.25,-0.03630125895142555
77.5,-0.08117906004190445
77.75,-0.05463050678372383
78.0,0.04332282766699791
78.25,-0.05502307042479515
78.5,-0.08234059810638428
78.75,-0.04873666912317276
79.0,-0.020827895030379295
79.25,0.038043491542339325
79.5,0.03269801288843155
79.75,-0.015622480772435665
80.0,-0.053233206272125244
80.25,-0.000858509389217943
80.5,0.005112816113978624
80.75,0.00998945627361536
81.0,-0.00041561370017006993
81.25,-0.00917722936719656
81.5,0.01097454596310854
81.75,-0.03176748380064964
82.0,-0.027969885617494583
82.25,-0.054205894470214844
82.5,0.024938935413956642
82.75,0.0183425135910511
83.0,-0.0626426637172699
83.25,-0.046643052250146866
83.5,-0.05489778146147728
83.75,-0.003070102073252201
84.0,0.08011022955179214
84.25,0.0037972331047058105
84.5,-0.06990646570920944
84.75,-0.04017357900738716
85.0,-0.015973007306456566
85.25,0.062055811285972595
85.5,0.04518907889723778
85.75,0.01488497294485569
86.0,0.011579180136322975
86.25,0.0348413921892643
86.5,0.05307218059897423
86.75,0.03134560585021973
87.0,0.011056086048483849
87.25,-0.027743136510252953
87.5,-0.002171752043068409
87.75,-0.06132880225777626
88.0,-0.06914825737476349
88.25,-0.0741138756275177
88.5,0.0031136192847043276
88.75,0.05763421952724457
89.0,-0.07966019958257675
89.25,-0.0818437933921814
89.5,-0.10835163295269012
89.75,-0.0461382232606411
90.0,0.09342824667692184
90.25,-0.08375521749258041
90.5,-0.09832947701215744
90.75,-0.06882808357477188
91.0,-0.012144193984568119
91.25,0.03571540117263794
91.5,0.0013379373122006655
91.75,-0.058656010776758194
92.0,-0.048443473875522614
92.25,-0.024049794301390648
92.5,-0.04936105012893677
92.75,-0.03695102035999298
93.0,-0.05790972709655762
93.25,-0.03339865431189537
93.5,0.00807188544422388
93.75,0.00917078834027052
94.0,-0.026006855070590973
94.25,-0.05546208471059799
94.5,0.019443489611148834
94.75,0.033139679580926895
95.0,-0.03150050342082977
95.25,0.0012812289642170072
95.5,-0.02449244260787964
95.75,0.047540176659822464
96.0,0.16399765014648438
96.25,-0.03885960951447487
96.5,-0.04044639691710472
96.75,0.013052672147750854
97.0,0.0460599884390831
97.25,0.09335266798734665
97.5,0.03709268569946289
97.75,-0.004859402310103178
98.0,-0.02339949458837509
98.25,0.09030480682849884
98.5,0.1280294507741928
98.75,0.04008426517248154
99.0,0.016038553789258003
99.25,-0.040359798818826675
99.5,-0.011280073784291744
99.75,-0.0010193911148235202
100.0,-0.018064970150589943
100.25,-0.051382876932621
100.5,0.05826186016201973
100.75,0.022283516824245453
101.0,-0.08133422583341599
101.25,-0.031066032126545906
101.5,-0.06562047451734543
101.75,-0.011238477192819118
102.0,0.1195787638425827
102.25,-0.06882456690073013
102.5,-0.08666802942752838
102.75,-0.050948455929756165
103.0,-0.02826843410730362
103.25,-0.0038868540432304144
103.5,-0.03853803873062134
103.75,-0.09426572173833847
104.0,-0.07097889482975006
104.25,-0.06412670016288757
104.5,-0.014286469668149948
104.75,-0.010050291195511818
105.0,0.012284671887755394
105.25,-0.01702137477695942
105.5,-0.024723732843995094
105.75,0.01672450639307499
106.0,-0.026752542704343796
106.25,-0.002455287380144
106.5,0.04588477313518524
106.75,0.049685779958963394
107.0,-0.026153618469834328
107.25,-0.029906941577792168
107.5,-0.07036590576171875
107.75,0.018134087324142456
108.0,0.06816930323839188
108.25,-0.051257871091365814
108.5,-0.08666328340768814
108.75,-0.03721172735095024
109.0,-0.027104448527097702
109.25,5.457143925013952e-05
109.5,-0.021122725680470467
109.75,-0.02960585243999958
110.0,-0.02100040391087532
110.25,-0.0069792019203305244
110.5,-0.024126559495925903
110.75,-0.01986466906964779
111.0,-0.005745497532188892
111.25,-0.015723740682005882
111.5,-0.002426553750410676
111.75,-0.028123823925852776
112.0,-0.051161717623472214
112.25,-0.09016546607017517
112.5,0.003646652214229107
112.75,0.01952485926449299
113.0,-0.049658361822366714
113.25,-0.033297181129455566
113.5,-0.0737970769405365
113.75,0.006918932311236858
114.0,0.07667624205350876
114.25,-0.015511561185121536
114.5,-0.051205072551965714
114.75,-0.08621606975793839
115.0,0.013417699374258518
115.25,0.014573854394257069
115.5,0.01728336326777935
115.75,-0.02823277749121189
116.0,-0.10003426671028137
116.25,-0.007501168642193079
116.5,-0.06659174710512161
116.75,-0.05573226138949394
117.0,-0.04999156296253204
117.25,-0.03025752492249012
117.5,0.002485510893166065
117.75,-0.05414976924657822
118.0,-0.10283587127923965
118.25,-0.08438152819871902
118.5,0.006143577862530947
118.75,0.018050091341137886
119.0,-0.12151475250720978
119.25,-0.1125439703464508
119.5,-0.10690178722143173
119.75,-0.008439346216619015
120.0,0.08792190998792648
120.25,-0.013721656054258347
120.5,-0.06653790175914764
120.75,-0.028557462617754936
121.0,-0.020026274025440216
121.25,-0.0014776858733966947
121.5,-0.019399534910917282
121.75,-0.07380214333534241
122.0,-0.01561580691486597
122.25,0.01046845968812704
122.5,-0.01441778615117073
122.75,-0.02882552705705166
123.0,-0.06374838948249817
123.25,-0.04979286342859268
123.5,-0.03075280599296093
123.75,-0.05647744983434677
124.0,-0.045281991362571716
124.25,-0.03936026990413666
124.5,0.06427200883626938
124.75,0.11068940907716751
125.0,0.009129353798925877
125.25,-0.010439012199640274
125.5,-0.010585671290755272
125.75,0.03555440157651901
126.0,0.1897733062505722
126.25,0.044773515313863754
126.5,-0.04341728612780571
126.75,0.04309159889817238
127.0,0.1547064632177353
127.25,0.4176633954048157
127.5,0.12459678202867508
127.75,0.004275343846529722
128.0,-0.020128948614001274
128.25,0.012679379433393478
128.5,0.03240487724542618
128.75,-0.032621756196022034
129.0,-0.00020279701857361943
129.25,-0.005646738223731518
129.5,-0.04104241356253624
129.75,-0.06937826424837112
130.0,-0.06969501078128815
130.25,-0.06778399646282196
130.5,-0.04117955267429352
130.75,-0.010705678723752499
131.0,-0.08454319834709167
131.25,-0.11954560875892639
131.5,-0.06394395977258682
131.75,0.013307950459420681
132.0,0.14114372432231903
132.25,0.006464512553066015
132.5,-0.06978567689657211
132.75,-0.04967435821890831
133.0,-0.006278224755078554
133.25,0.03320830315351486
133.5,-0.0365452766418457
133.75,-0.0925997719168663
134.0,-0.08880513906478882
134.25,-0.053670886904001236
134.5,-0.06373479962348938
134.75,-0.05903857946395874
135.0,-0.06616730988025665
135.25,-0.08958407491445541
135.5,-0.0843299850821495
135.75,-0.07738075405359268
136.0,-0.07945239543914795
136.25,-0.06103023514151573
136.5,-0.004873944912105799
136.75,0.039193008095026016
137.0,-0.054505858570337296
137.25,-0.051874078810214996
137.5,-0.059953246265649796
137.75,0.0057046604342758656
138.0,0.09218396991491318
138.25,-0.0365985706448555
138.5,-0.07520885765552521
138.75,-0.03237660601735115
139.0,0.010595858097076416
139.25,0.04499950259923935
139.5,-0.03177846595644951
139.75,-0.09320592880249023
140.0,-0.04478708654642105
140.25,-0.04426838457584381
140.5,-0.058344002813100815
140.75,-0.0442025363445282
141.0,-0.0547635443508625
141.25,-0.04663313925266266
141.5,-0.0045855240896344185
141.75,-0.04238537326455116
142.0,-0.05114086717367172
142.25,-0.09973596781492233
142.5,-0.05392938852310181
142.75,-0.009775009006261826
143.0,-0.02548062801361084
143.25,-0.04592009633779526
143.5,-0.04176890850067139
143.75,0.001723571214824915
144.0,0.09036210924386978
144.25,-0.009390005841851234
144.5,-0.03607628867030144
144.75,-0.06034950166940689
145.0,-0.021336842328310013
145.25,0.0037353606894612312
145.5,-0.0626358687877655
145.75,-0.1019197627902031
146.0,-0.05494549125432968
146.25,-0.01000650878995657
146.5,-0.00542547507211566
146.75,-0.05565287917852402
147.0,-0.045052431523799896
147.25,-0.0631166622042656
147.5,-0.0046470691449940205
147.75,-0.058942604809999466
148.0,-0.07660189270973206
148.25,-0.06531571596860886
148.5,-0.005425428971648216
148.75,0.06168903037905693
149.0,0.011974599212408066
149.25,-0.03782366216182709
149.5,-0.053158342838287354
149.75,-0.033196158707141876
150.0,0.05187029018998146
150.25,-0.07679843157529831
150.5,-0.09634852409362793
150.75,-0.0443689189851284
151.0,-0.02714492753148079
151.25,0.04703930765390396
151.5,-0.024302450940012932
151.75,-0.09917698055505753
152.0,-0.09709763526916504
152.25,-0.042113613337278366
152.5,-0.0825248509645462
152.75,-0.06648244708776474
153.0,-0.038380421698093414
153.25,-0.028423266485333443
153.5,-0.01909610815346241
153.75,0.009490195661783218
154.0,-0.039980366826057434
154.25,-0.02785372920334339
154.5,0.011186545714735985
154.75,0.05811465159058571
155.0,-0.033870890736579895
155.25,-0.05780378356575966
155.5,-0.02429557964205742
155.75,0.0942889004945755
156.0,0.5131562352180481
156.25,0.12499117851257324
156.5,-0.020064525306224823
156.75,-0.0232562143355608
157.0,-0.039876539260149
157.25,0.0859631821513176
157.5,0.02589508891105652
157.75,0.011495319195091724
158.0,0.00630725035443902
158.25,-0.030827706679701805
158.5,-0.058011844754219055
158.75,-0.052457213401794434
159.0,-0.02574106864631176
159.25,-0.06730431318283081
159.5,-0.03433023393154144
159.75,-0.042148709297180176
160.0,-0.03237446770071983
160.25,-0.01663903146982193
160.5,0.044673558324575424
160.75,0.13003794848918915
161.0,0.0017290047835558653
161.25,-0.053851161152124405
161.5,-0.075035460293293
161.75,-0.008264988660812378
162.0,0.11451364308595657
162.25,-0.02838383987545967
162.5,-0.038500770926475525
162.75,-0.03768742084503174
163.0,-0.0411604642868042
163.25,0.01032151561230421
163.5,-0.04313668981194496
163.75,-0.08203490078449249
164.0,-0.10522720962762833
164.25,-0.09415829181671143
164.5,-0.10697554796934128
164.75,-0.07570095360279083
165.0,-0.04988323152065277
165.25,-0.06496304273605347
165.5,-0.06294868141412735
165.75,-0.08308109641075134
166.0,-0.07118698954582214
166.25,-0.07869083434343338
166.5,-0.010054504498839378
166.75,-0.0017315135337412357
167.0,-0.100847527384758
167.25,-0.09240538626909256
167.5,-0.09446761757135391
167.75,0.0032075317576527596
168.0,0.07125145941972733
168.25,-0.042827583849430084
168.5,-0.10985315591096878
168.75,-0.08009941130876541
169.0,-0.04473897069692612
169.25,-0.044555868953466415
169.5,-0.09596686065196991
169.75,-0.14484994113445282
170.0,-0.10510604828596115
170.25,-0.07680714875459671
170.5,-0.06992661952972412
170.75,-0.07951585203409195
171.0,-0.12699849903583527
171.25,-0.10776235908269882
171.5,-0.0664074718952179
171.75,-0.05149857699871063
172.0,-0.03371003642678261
172.25,-0.0561162605881691
172.5,0.015047687105834484
172.75,0.07160618156194687
173.0,-0.04788994789123535
173.25,-0.059699319303035736
173.5,-0.06415939331054688
173.75,0.002874515950679779
174.0,0.0736401155591011
174.25,-0.10990758240222931
174.5,-0.14464884996414185
174.75,-0.08179176598787308
175.0,-0.03702007606625557
175.25,0.013964463025331497
175.5,-0.08879156410694122
175.75,-0.14005929231643677
176.0,-0.11500930041074753
176.25,-0.10307092219591141
176.5,-0.08990389108657837
176.75,-0.11197993159294128
177.0,-0.1076430156826973
177.25,-0.1132703498005867
177.5,-0.09394031018018723
177.75,-0.10706257075071335
178.0,-0.11901890486478806
178.25,-0.10488247871398926
178.5,-0.09407427161931992
178.75,-0.048228923231363297
179.0,-0.11478641629219055
179.25,-0.09742457419633865
179.5,-0.0755978375673294
179.75,-0.010350027121603489
180.0,0.09639866650104523
180.25,-0.02665696293115616
180.5,-0.08002481609582901
180.75,-0.05397729575634003
181.0,-0.032881513237953186
181.25,0.017094912007451057
181.5,-0.027529401704669
181.75,-0.04966163635253906
182.0,-0.013265421614050865
182.25,-0.03170726075768471
182.5,-0.015181982889771461
182.75,-0.016960708424448967
183.0,0.004099890124052763
183.25,-0.001189399161376059
183.5,0.018396489322185516
183.75,-0.03414014354348183
184.0,-0.046040937304496765
184.25,-0.02367790788412094
184.5,0.05349288880825043
184.75,0.2677583694458008
185.0,0.03376499563455582
185.25,-0.06612712889909744
185.5,-0.10285771638154984
185.75,-0.06597066670656204
186.0,0.07958999276161194
186.25,-0.046424105763435364
186.5,-0.0416039302945137
186.75,-0.020841531455516815
187.0,-0.05814917013049126
187.25,0.03198767825961113
187.5,-0.04682740196585655
187.75,-0.04289307817816734
188.0,-0.06024967506527901
188.25,-0.05929015949368477
188.5,-0.07044108957052231
188.75,-0.10615357756614685
189.0,-0.08165797591209412
189.25,-0.05340313911437988
189.5,-0.0587262362241745
189.75,-0.09560269862413406
190.0,-0.08340119570493698
190.25,-0.10654959082603455
190.5,-0.02350008673965931
190.75,0.004700852558016777
191.0,-0.0754060298204422
191.25,-0.020361995324492455
191.5,-0.06288514286279678
191.75,-0.011013805866241455
192.0,0.10343065857887268
192.25,-0.009647785685956478
192.5,-0.052072569727897644
192.75,-0.06782262772321701
193.0,-0.0662628635764122
193.25,-0.025838280096650124
193.5,0.0016064400551840663
193.75,-0.05261438712477684
194.0,-0.042790625244379044
194.25,-0.05540043115615845
194.5,-0.06302496790885925
194.75,-0.060025956481695175
195.0,-0.04546338692307472
195.25,-0.03986947983503342
195.5,-0.06808769702911377
195.75,-0.07379763573408127
196.0,-0.06443938612937927
196.25,-0.0680120438337326
196.5,0.03943254053592682
196.75,0.006898907013237476
197.0,-0.07306336611509323
197.25,-0.027882320806384087
197.5,-0.030312996357679367
197.75,-0.0019976350013166666
198.0,0.050290629267692566
198.25,-0.025634175166487694
198.5,-0.0695386677980423
198.75,-0.04046955332159996
199.0,-0.019817406311631203
199.25,0.00744068156927824
199.5,0.012753862887620926
199.75,-0.008341029286384583
200.0,-0.08873559534549713
200.25,-0.052210498601198196
200.5,-0.06572962552309036
200.75,-0.04364226758480072
201.0,0.0035080909729003906
201.25,-0.02982434816658497
201.5,-0.045784711837768555
201.75,-0.010550003498792648
202.0,-0.03962019458413124
202.25,-0.05458662658929825
202.5,0.041219040751457214
202.75,0.06285843253135681
203.0,-0.06597103923559189
203.25,-0.06115991249680519
203.5,-0.04989367350935936
203.75,0.03512430563569069
204.0,0.14654864370822906
204.25,-0.0194107536226511
204.5,-0.05640599876642227
204.75,-0.027818383648991585
205.0,-0.018684668466448784
205.25,0.02554704062640667
205.5,-0.02359597012400627
205.75,-0.03940984979271889
206.0,-0.03689750283956528
206.25,-0.01968456245958805
206.5,-0.025532549247145653
206.75,-0.017410896718502045
207.0,-0.01672782003879547
207.25,-0.06725411862134933
207.5,-0.05211732164025307
207.75,-0.08530589938163757
208.0,-0.0441507063806057
208.25,-0.014568827114999294
208.5,0.033850982785224915
208.75,0.09533774107694626
209.0,-0.018716031685471535
209.25,-0.036932673305273056
209.5,-0.059355415403842926
209.75,-0.0039750961586833
210.0,0.09790562838315964
210.25,0.0125044584274292
210.5,-0.02129998244345188
210.75,0.004192050080746412
211.0,0.027913076803088188
211.25,0.07007606327533722
211.5,0.06217902898788452
211.75,-0.008182112127542496
212.0,-0.044185761362314224
212.25,0.004503569100052118
212.5,0.01609385572373867
212.75,0.029644208028912544
213.0,0.030119067057967186
213.25,0.04857518523931503
213.5,0.2170061618089676
213.75,0.17923881113529205
214.0,0.05818672478199005
214.25,-0.02639603801071644
214.5,0.023037593811750412
214.75,0.08370829373598099
215.0,-0.008612972684204578
215.25,-0.00715790968388319
215.5,-0.0025948218535631895
215.75,0.008312743157148361
216.0,0.06844846904277802
216.25,-0.0604945532977581
216.5,-0.06314533203840256
216.75,-0.06661324203014374
217.0,-0.034503910690546036
217.25,0.02384583279490471
217.5,-0.0073656137101352215
217.75,-0.07867168635129929
218.0,-0.016707895323634148
