op	ref	hyp
S	じゅげむ	今突っ込めるところで
S	じゅげむ	嘘も吐く
S	ごこうのすりきれ	やぼらくうじの
S	かいじゃりすいぎょの	ぼらくうじ
S	すいぎょうまつ	ジョギムジョギム
S	うんらいまつ	ゴクノシュリ
S	ふうらいまつ	キリケ
S	くうねるところに	ジェレスギユノ
D	すむところ	
D	やぶらこうじの	
D	ぶらこうじ	
D	ぱいぽ	
D	ぱいぽ	
D	ぱいぽの	
D	しゅうりんがん	
D	しゅうりんがんの	
D	ぐうりんだい	
D	ぐうりんだいの	
D	ぽんぽこぴーの	
D	ぽんぽこなーの	
D	ちょうきゅうめいの	
D	ちょうすけ	
D	じゅげむ	
D	じゅげむ	
D	ごこうのすりきれ	
D	かいじゃりすいぎょの	
D	すいぎょうまつ	
D	うんらいまつ	
D	ふうらいまつ	
D	くうねるところに	
D	すむところ	
D	やぶらこうじの	
D	ぶらこうじ	
D	ぱいぽ	
D	ぱいぽ	
D	ぱいぽの	
D	しゅうりんがん	
D	しゅうりんがんの	
D	ぐうりんだい	
D	ぐうりんだいの	
D	ぽんぽこぴーの	
D	ぽんぽこなーの	
D	ちょうきゅうめいの	
D	ちょうすけ	
D	じゅげむ	
D	じゅげむ	
D	ごこうのすりきれ	
D	かいじゃりすいぎょの	
D	すいぎょうまつ	
D	うんらいまつ	
D	ふうらいまつ	
D	くうねるところに	
D	すむところ	
D	やぶらこうじの	
D	ぶらこうじ	
D	ぱいぽ	
D	ぱいぽ	
D	ぱいぽの	
D	しゅうりんがん	
D	しゅうりんがんの	
D	ぐうりんだい	
D	ぐうりんだいの	
D	ぽんぽこぴーの	
D	ぽんぽこなーの	
D	ちょうきゅうめいの	
D	ちょうすけ	
D	じゅげむ	
D	じゅげむ	
D	ごこうのすりきれ	
D	かいじゃりすいぎょの	
D	すいぎょうまつ	
D	うんらいまつ	
D	ふうらいまつ	
D	くうねるところに	
D	すむところ	
D	やぶらこうじの	
D	ぶらこうじ	
D	ぱいぽ	
D	ぱいぽ	
D	ぱいぽの	
D	しゅうりんがん	
D	しゅうりんがんの	
D	ぐうりんだい	
D	ぐうりんだいの	
D	ぽんぽこぴーの	
D	ぽんぽこなーの	
D	ちょうきゅうめいの	
D	ちょうすけ	
D	じゅげむ	
D	じゅげむ	
D	ごこうのすりきれ	
D	かいじゃりすいぎょの	
D	すいぎょうまつ	
D	うんらいまつ	
D	ふうらいまつ	
D	くうねるところに	
D	すむところ	
D	やぶらこうじの	
D	ぶらこうじ	
D	ぱいぽ	
D	ぱいぽ	
D	ぱいぽの	
D	しゅうりんがん	
D	しゅうりんがんの	
D	ぐうりんだい	
D	ぐうりんだいの	
D	ぽんぽこぴーの	
D	ぽんぽこなーの	
D	ちょうきゅうめいの	
D	ちょうすけ	
D	かいじゃりすいぎょの	
D	すいぎょうまつ	
D	うんらいまつ	
D	ふうらいまつ	
D	くうねるところに	
D	すむところ	
D	やぶらこうじの	
D	ぶらこうじ	
D	ぱいぽ	
D	ぱいぽ	
D	ぱいぽの	
D	しゅうりんがん	
D	しゅうりんがんの	
D	ぐうりんだい	
D	ぐうりんだいの	
D	ぽんぽこぴーの	
D	ぽんぽこなーの	
D	ちょうきゅうめいの	
D	ちょうすけ	
D	じゅげむ	
D	じゅげむ	
D	ごこうのすりきれ	
D	かいじゃりすいぎょの	
D	すいぎょうまつ	
D	うんらいまつ	
D	ふうらいまつ	
D	くうねるところに	
D	すむところ	
D	やぶらこうじの	
D	ぶらこうじ	
D	ぱいぽ	
D	ぱいぽ	
D	ぱいぽの	
D	しゅうりんがん	
D	しゅうりんがんの	
D	ぐうりんだい	
D	ぐうりんだいの	
D	ぽんぽこぴーの	
D	ぽんぽこなーの	
D	かいじゃりすいぎょの	
D	すいぎょうまつ	
D	うんらいまつ	
D	ふうらいまつ	
D	くうねるところに	
D	すむところ	
D	やぶらこうじの	
D	ぶらこうじ	
D	ぱいぽ	
D	ぱいぽ	
D	ぱいぽの	
D	しゅうりんがん	
D	しゅうりんがんの	
D	ぐうりんだい	
D	ぐうりんだいの	
D	ぽんぽこぴーの	
D	ぽんぽこなーの	
D	ちょうきゅうめいの	
D	ちょうすけ	
